Asset Tag,Device Type,Model,Serial Number,Assigned User,Email,Department,Work Location,Purchase Date,Warranty Expiration,Status,Notes
LT-0001,Laptop,Dell Latitude 5440,7K2L9X3,Bilal Akhtar,bilal.akhtar@itproject.ca,IT,Office,1/15/2024,1/15/2027,In Use,
LT-0002,Laptop,HP EliteBook 840 G9,5CD2371XYZ,James Johnson,james.johnson@itproject.ca,HR,Office,2/16/2023,,,
LT-0003,Laptop,Lenovo ThinkPad T14,PF3K9RT2,John Williams,john.williams@itproject.ca,Finance,Remote,,,,
LT-0004,Laptop,Dell Latitude 7420,9M4P2WQ1,Robert Brown,robert.brown@itproject.ca,Accounting,Office,,,,
,,,,David Jones,david.jones@itproject.ca,Marketing,Hybrid,,,,
,,,,William Garcia,william.garcia@itproject.ca,Sales,Office,,,,
,,,,Mary Miller,mary.miller@itproject.ca,Supply Chain,Remote,,,,
,,,,Maria Davis,maria.davis@itproject.ca,Customer Support,Remote,,,,
,,,,Joseph Martinez,joseph.martinez@itproject.ca,Engineering,Hybrid,,,,
,,,,Maya Bennett,maya.bennett@itproject.ca,Engineering,Office,,,,
,,,,Ava Collins,ava.collins@itproject.ca,IT,Remote,,,,
,,,,Layla Cooper,layla.cooper@itproject.ca,Finance,Office,,,,
,,,,Owen Blake,owen.blake@itproject.ca,Engineering,Office,,,,
,,,,Jane Doe,jane.doe@itproject.ca,Legal,Office,,,,
,,,,Noah Parker,noah.parker@itproject.ca,Sales,Hybrid,,,,
,,,,Ethan Brooks,ethan.brooks@itproject.ca,Accounting,Remote,,,,
,,,,Mason Wright,mason.wright@itproject.ca,Engineering,Remote,,,,
,,,,Aria Sullivan,aria.sullivan@itproject.ca,IT,Hybrid,,,,
,,,,Chloe Reed,chloe.reed@itproject.ca,IT,Office,,,,
